INSERT INTO phpbb_acl_options (auth_option_id, auth_option, is_global, is_local, founder_only) VALUES
	(1, 'f_', 0, 1, 0),
	(2, 'f_announce', 0, 1, 0),
	(3, 'f_attach', 0, 1, 0),
	(4, 'f_bbcode', 0, 1, 0),
	(5, 'f_bump', 0, 1, 0),
	(6, 'f_delete', 0, 1, 0),
	(7, 'f_download', 0, 1, 0),
	(8, 'f_edit', 0, 1, 0),
	(9, 'f_email', 0, 1, 0),
	(10, 'f_flash', 0, 1, 0),
	(11, 'f_icons', 0, 1, 0),
	(12, 'f_ignoreflood', 0, 1, 0),
	(13, 'f_img', 0, 1, 0),
	(14, 'f_list', 0, 1, 0),
	(15, 'f_noapprove', 0, 1, 0),
	(16, 'f_poll', 0, 1, 0),
	(17, 'f_post', 0, 1, 0),
	(18, 'f_postcount', 0, 1, 0),
	(19, 'f_print', 0, 1, 0),
	(20, 'f_read', 0, 1, 0),
	(21, 'f_reply', 0, 1, 0),
	(22, 'f_report', 0, 1, 0),
	(23, 'f_search', 0, 1, 0),
	(24, 'f_sigs', 0, 1, 0),
	(25, 'f_smilies', 0, 1, 0),
	(26, 'f_sticky', 0, 1, 0),
	(27, 'f_subscribe', 0, 1, 0),
	(28, 'f_user_lock', 0, 1, 0),
	(29, 'f_vote', 0, 1, 0),
	(30, 'f_votechg', 0, 1, 0),
	(31, 'm_', 1, 1, 0),
	(32, 'm_approve', 1, 1, 0),
	(33, 'm_chgposter', 1, 1, 0),
	(34, 'm_delete', 1, 1, 0),
	(35, 'm_edit', 1, 1, 0),
	(36, 'm_info', 1, 1, 0),
	(37, 'm_lock', 1, 1, 0),
	(38, 'm_merge', 1, 1, 0),
	(39, 'm_move', 1, 1, 0),
	(40, 'm_report', 1, 1, 0),
	(41, 'm_split', 1, 1, 0),
	(42, 'm_ban', 1, 0, 0),
	(43, 'm_warn', 1, 0, 0),
	(44, 'a_', 1, 0, 0),
	(45, 'a_aauth', 1, 0, 0),
	(46, 'a_attach', 1, 0, 0),
	(47, 'a_authgroups', 1, 0, 0),
	(48, 'a_authusers', 1, 0, 0),
	(49, 'a_backup', 1, 0, 0),
	(50, 'a_ban', 1, 0, 0),
	(51, 'a_bbcode', 1, 0, 0),
	(52, 'a_board', 1, 0, 0),
	(53, 'a_bots', 1, 0, 0),
	(54, 'a_clearlogs', 1, 0, 0),
	(55, 'a_email', 1, 0, 0),
	(56, 'a_fauth', 1, 0, 0),
	(57, 'a_forum', 1, 0, 0),
	(58, 'a_forumadd', 1, 0, 0),
	(59, 'a_forumdel', 1, 0, 0),
	(60, 'a_group', 1, 0, 0),
	(61, 'a_groupadd', 1, 0, 0),
	(62, 'a_groupdel', 1, 0, 0),
	(63, 'a_icons', 1, 0, 0),
	(64, 'a_jabber', 1, 0, 0),
	(65, 'a_language', 1, 0, 0),
	(66, 'a_mauth', 1, 0, 0),
	(67, 'a_modules', 1, 0, 0),
	(68, 'a_names', 1, 0, 0),
	(69, 'a_phpinfo', 1, 0, 0),
	(70, 'a_profile', 1, 0, 0),
	(71, 'a_prune', 1, 0, 0),
	(72, 'a_ranks', 1, 0, 0),
	(73, 'a_reasons', 1, 0, 0),
	(74, 'a_roles', 1, 0, 0),
	(75, 'a_search', 1, 0, 0),
	(76, 'a_server', 1, 0, 0),
	(77, 'a_styles', 1, 0, 0),
	(78, 'a_switchperm', 1, 0, 0),
	(79, 'a_uauth', 1, 0, 0),
	(80, 'a_user', 1, 0, 0),
	(81, 'a_userdel', 1, 0, 0),
	(82, 'a_viewauth', 1, 0, 0),
	(83, 'a_viewlogs', 1, 0, 0),
	(84, 'a_words', 1, 0, 0),
	(85, 'u_', 1, 0, 0),
	(86, 'u_attach', 1, 0, 0),
	(87, 'u_chgavatar', 1, 0, 0),
	(88, 'u_chgcensors', 1, 0, 0),
	(89, 'u_chgemail', 1, 0, 0),
	(90, 'u_chggrp', 1, 0, 0),
	(91, 'u_chgname', 1, 0, 0),
	(92, 'u_chgpasswd', 1, 0, 0),
	(93, 'u_download', 1, 0, 0),
	(94, 'u_hideonline', 1, 0, 0),
	(95, 'u_ignoreflood', 1, 0, 0),
	(96, 'u_masspm', 1, 0, 0),
	(97, 'u_masspm_group', 1, 0, 0),
	(98, 'u_pm_attach', 1, 0, 0),
	(99, 'u_pm_bbcode', 1, 0, 0),
	(100, 'u_pm_delete', 1, 0, 0),
	(101, 'u_pm_download', 1, 0, 0),
	(102, 'u_pm_edit', 1, 0, 0),
	(103, 'u_pm_emailpm', 1, 0, 0),
	(104, 'u_pm_flash', 1, 0, 0),
	(105, 'u_pm_forward', 1, 0, 0),
	(106, 'u_pm_img', 1, 0, 0),
	(107, 'u_pm_printpm', 1, 0, 0),
	(108, 'u_pm_smilies', 1, 0, 0),
	(109, 'u_readpm', 1, 0, 0),
	(110, 'u_savedrafts', 1, 0, 0),
	(111, 'u_search', 1, 0, 0),
	(112, 'u_sendemail', 1, 0, 0),
	(113, 'u_sendim', 1, 0, 0),
	(114, 'u_sendpm', 1, 0, 0),
	(115, 'u_sig', 1, 0, 0),
	(116, 'u_viewonline', 1, 0, 0),
	(117, 'u_viewprofile', 1, 0, 0),
	(118, 'f_ignore_edit', 0, 1, 0),
	(119, 'u_post_edit_allow', 1, 0, 0);


INSERT INTO phpbb_acl_roles (role_id, role_name, role_description, role_type, role_order) VALUES
	(1, 'ROLE_ADMIN_STANDARD', 'ROLE_DESCRIPTION_ADMIN_STANDARD', 'a_', 1),
	(2, 'ROLE_ADMIN_FORUM', 'ROLE_DESCRIPTION_ADMIN_FORUM', 'a_', 3),
	(3, 'ROLE_ADMIN_USERGROUP', 'ROLE_DESCRIPTION_ADMIN_USERGROUP', 'a_', 4),
	(4, 'ROLE_ADMIN_FULL', 'ROLE_DESCRIPTION_ADMIN_FULL', 'a_', 2),
	(5, 'ROLE_USER_FULL', 'ROLE_DESCRIPTION_USER_FULL', 'u_', 3),
	(6, 'ROLE_USER_STANDARD', 'ROLE_DESCRIPTION_USER_STANDARD', 'u_', 1),
	(7, 'ROLE_USER_LIMITED', 'ROLE_DESCRIPTION_USER_LIMITED', 'u_', 2),
	(8, 'ROLE_USER_NOPM', 'ROLE_DESCRIPTION_USER_NOPM', 'u_', 4),
	(9, 'ROLE_USER_NOAVATAR', 'ROLE_DESCRIPTION_USER_NOAVATAR', 'u_', 5),
	(10, 'ROLE_MOD_FULL', 'ROLE_DESCRIPTION_MOD_FULL', 'm_', 3),
	(11, 'ROLE_MOD_STANDARD', 'ROLE_DESCRIPTION_MOD_STANDARD', 'm_', 1),
	(12, 'ROLE_MOD_SIMPLE', 'ROLE_DESCRIPTION_MOD_SIMPLE', 'm_', 2),
	(13, 'ROLE_MOD_QUEUE', 'ROLE_DESCRIPTION_MOD_QUEUE', 'm_', 4),
	(14, 'ROLE_FORUM_FULL', 'ROLE_DESCRIPTION_FORUM_FULL', 'f_', 7),
	(15, 'ROLE_FORUM_STANDARD', 'ROLE_DESCRIPTION_FORUM_STANDARD', 'f_', 5),
	(16, 'ROLE_FORUM_NOACCESS', 'ROLE_DESCRIPTION_FORUM_NOACCESS', 'f_', 1),
	(17, 'ROLE_FORUM_READONLY', 'ROLE_DESCRIPTION_FORUM_READONLY', 'f_', 2),
	(18, 'ROLE_FORUM_LIMITED', 'ROLE_DESCRIPTION_FORUM_LIMITED', 'f_', 3),
	(19, 'ROLE_FORUM_BOT', 'ROLE_DESCRIPTION_FORUM_BOT', 'f_', 9),
	(20, 'ROLE_FORUM_ONQUEUE', 'ROLE_DESCRIPTION_FORUM_ONQUEUE', 'f_', 8),
	(21, 'ROLE_FORUM_POLLS', 'ROLE_DESCRIPTION_FORUM_POLLS', 'f_', 6),
	(22, 'ROLE_FORUM_LIMITED_POLLS', 'ROLE_DESCRIPTION_FORUM_LIMITED_POLLS', 'f_', 4),
	(23, 'ROLE_USER_NEW_MEMBER', 'ROLE_DESCRIPTION_USER_NEW_MEMBER', 'u_', 6),
	(24, 'ROLE_FORUM_NEW_MEMBER', 'ROLE_DESCRIPTION_FORUM_NEW_MEMBER', 'f_', 10);


INSERT INTO phpbb_acl_roles_data (role_id, auth_option_id, auth_setting) VALUES
	(1, 44, 1),
	(1, 46, 1),
	(1, 47, 1),
	(1, 48, 1),
	(1, 50, 1),
	(1, 51, 1),
	(1, 52, 1),
	(1, 56, 1),
	(1, 57, 1),
	(1, 58, 1),
	(1, 59, 1),
	(1, 60, 1),
	(1, 61, 1),
	(1, 62, 1),
	(1, 63, 1),
	(1, 66, 1),
	(1, 68, 1),
	(1, 70, 1),
	(1, 71, 1),
	(1, 72, 1),
	(1, 73, 1),
	(1, 79, 1),
	(1, 80, 1),
	(1, 81, 1),
	(1, 82, 1),
	(1, 83, 1),
	(1, 84, 1),
	(2, 44, 1),
	(2, 47, 1),
	(2, 48, 1),
	(2, 56, 1),
	(2, 57, 1),
	(2, 58, 1),
	(2, 59, 1),
	(2, 66, 1),
	(2, 71, 1),
	(2, 79, 1),
	(2, 82, 1),
	(2, 83, 1),
	(3, 44, 1),
	(3, 47, 1),
	(3, 48, 1),
	(3, 50, 1),
	(3, 60, 1),
	(3, 61, 1),
	(3, 62, 1),
	(3, 72, 1),
	(3, 79, 1),
	(3, 80, 1),
	(3, 82, 1),
	(3, 83, 1),
	(4, 44, 1),
	(4, 45, 1),
	(4, 46, 1),
	(4, 47, 1),
	(4, 48, 1),
	(4, 49, 1),
	(4, 50, 1),
	(4, 51, 1),
	(4, 52, 1),
	(4, 53, 1),
	(4, 54, 1),
	(4, 55, 1),
	(4, 56, 1),
	(4, 57, 1),
	(4, 58, 1),
	(4, 59, 1),
	(4, 60, 1),
	(4, 61, 1),
	(4, 62, 1),
	(4, 63, 1),
	(4, 64, 1),
	(4, 65, 1),
	(4, 66, 1),
	(4, 67, 1),
	(4, 68, 1),
	(4, 69, 1),
	(4, 70, 1),
	(4, 71, 1),
	(4, 72, 1),
	(4, 73, 1),
	(4, 74, 1),
	(4, 75, 1),
	(4, 76, 1),
	(4, 77, 1),
	(4, 78, 1),
	(4, 79, 1),
	(4, 80, 1),
	(4, 81, 1),
	(4, 82, 1),
	(4, 83, 1),
	(4, 84, 1),
	(5, 85, 1),
	(5, 86, 1),
	(5, 87, 1),
	(5, 88, 1),
	(5, 89, 1),
	(5, 90, 1),
	(5, 91, 1),
	(5, 92, 1),
	(5, 93, 1),
	(5, 94, 1),
	(5, 95, 1),
	(5, 96, 1),
	(5, 97, 1),
	(5, 98, 1),
	(5, 99, 1),
	(5, 100, 1),
	(5, 101, 1),
	(5, 102, 1),
	(5, 103, 1),
	(5, 104, 1),
	(5, 105, 1),
	(5, 106, 1),
	(5, 107, 1),
	(5, 108, 1),
	(5, 109, 1),
	(5, 110, 1),
	(5, 111, 1),
	(5, 112, 1),
	(5, 113, 1),
	(5, 114, 1),
	(5, 115, 1),
	(5, 116, 1),
	(5, 117, 1),
	(6, 85, 1),
	(6, 86, 1),
	(6, 87, 1),
	(6, 88, 1),
	(6, 89, 1),
	(6, 92, 1),
	(6, 93, 1),
	(6, 94, 1),
	(6, 96, 1),
	(6, 97, 1),
	(6, 98, 1),
	(6, 99, 1),
	(6, 100, 1),
	(6, 101, 1),
	(6, 102, 1),
	(6, 103, 1),
	(6, 106, 1),
	(6, 107, 1),
	(6, 108, 1),
	(6, 109, 1),
	(6, 110, 1),
	(6, 111, 1),
	(6, 112, 1),
	(6, 113, 1),
	(6, 114, 1),
	(6, 115, 1),
	(6, 117, 1),
	(7, 85, 1),
	(7, 87, 1),
	(7, 88, 1),
	(7, 89, 1),
	(7, 92, 1),
	(7, 93, 1),
	(7, 94, 1),
	(7, 99, 1),
	(7, 100, 1),
	(7, 101, 1),
	(7, 102, 1),
	(7, 105, 1),
	(7, 106, 1),
	(7, 107, 1),
	(7, 108, 1),
	(7, 109, 1),
	(7, 114, 1),
	(7, 115, 1),
	(7, 117, 1),
	(8, 85, 1),
	(8, 87, 1),
	(8, 88, 1),
	(8, 89, 1),
	(8, 92, 1),
	(8, 93, 1),
	(8, 94, 1),
	(8, 115, 1),
	(8, 117, 1),
	(8, 96, 0),
	(8, 97, 0),
	(8, 109, 0),
	(8, 114, 0),
	(9, 85, 1),
	(9, 88, 1),
	(9, 89, 1),
	(9, 92, 1),
	(9, 93, 1),
	(9, 94, 1),
	(9, 99, 1),
	(9, 100, 1),
	(9, 101, 1),
	(9, 102, 1),
	(9, 105, 1),
	(9, 106, 1),
	(9, 107, 1),
	(9, 108, 1),
	(9, 109, 1),
	(9, 114, 1),
	(9, 115, 1),
	(9, 117, 1),
	(9, 87, 0),
	(9, 96, 0),
	(9, 97, 0),
	(10, 31, 1),
	(10, 32, 1),
	(10, 42, 1),
	(10, 33, 1),
	(10, 34, 1),
	(10, 35, 1),
	(10, 36, 1),
	(10, 37, 1),
	(10, 38, 1),
	(10, 39, 1),
	(10, 40, 1),
	(10, 41, 1),
	(10, 43, 1),
	(11, 31, 1),
	(11, 32, 1),
	(11, 34, 1),
	(11, 35, 1),
	(11, 36, 1),
	(11, 37, 1),
	(11, 38, 1),
	(11, 39, 1),
	(11, 40, 1),
	(11, 41, 1),
	(11, 43, 1),
	(12, 31, 1),
	(12, 34, 1),
	(12, 35, 1),
	(12, 36, 1),
	(12, 40, 1),
	(13, 31, 1),
	(13, 32, 1),
	(13, 35, 1),
	(14, 1, 1),
	(14, 2, 1),
	(14, 3, 1),
	(14, 4, 1),
	(14, 5, 1),
	(14, 6, 1),
	(14, 7, 1),
	(14, 8, 1),
	(14, 9, 1),
	(14, 10, 1),
	(14, 11, 1),
	(14, 12, 1),
	(14, 13, 1),
	(14, 14, 1),
	(14, 15, 1),
	(14, 16, 1),
	(14, 17, 1),
	(14, 18, 1),
	(14, 19, 1),
	(14, 20, 1),
	(14, 21, 1),
	(14, 22, 1),
	(14, 23, 1),
	(14, 24, 1),
	(14, 25, 1),
	(14, 26, 1),
	(14, 27, 1),
	(14, 28, 1),
	(14, 29, 1),
	(14, 30, 1),
	(15, 1, 1),
	(15, 3, 1),
	(15, 4, 1),
	(15, 5, 1),
	(15, 6, 1),
	(15, 7, 1),
	(15, 8, 1),
	(15, 9, 1),
	(15, 11, 1),
	(15, 13, 1),
	(15, 14, 1),
	(15, 15, 1),
	(15, 17, 1),
	(15, 18, 1),
	(15, 19, 1),
	(15, 20, 1),
	(15, 21, 1),
	(15, 22, 1),
	(15, 23, 1),
	(15, 24, 1),
	(15, 25, 1),
	(15, 27, 1),
	(15, 29, 1),
	(15, 30, 1),
	(16, 1, 0),
	(17, 1, 1),
	(17, 7, 1),
	(17, 14, 1),
	(17, 19, 1),
	(17, 20, 1),
	(17, 23, 1),
	(17, 27, 1),
	(18, 1, 1),
	(18, 4, 1),
	(18, 7, 1),
	(18, 8, 1),
	(18, 9, 1),
	(18, 13, 1),
	(18, 14, 1),
	(18, 15, 1),
	(18, 17, 1),
	(18, 18, 1),
	(18, 19, 1),
	(18, 20, 1),
	(18, 21, 1),
	(18, 22, 1),
	(18, 23, 1),
	(18, 24, 1),
	(18, 25, 1),
	(18, 27, 1),
	(18, 29, 1),
	(19, 1, 1),
	(19, 7, 1),
	(19, 14, 1),
	(19, 19, 1),
	(19, 20, 1),
	(20, 1, 1),
	(20, 3, 1),
	(20, 4, 1),
	(20, 7, 1),
	(20, 8, 1),
	(20, 9, 1),
	(20, 13, 1),
	(20, 14, 1),
	(20, 17, 1),
	(20, 18, 1),
	(20, 19, 1),
	(20, 20, 1),
	(20, 21, 1),
	(20, 22, 1),
	(20, 23, 1),
	(20, 24, 1),
	(20, 25, 1),
	(20, 27, 1),
	(20, 29, 1),
	(20, 15, 0),
	(21, 1, 1),
	(21, 3, 1),
	(21, 4, 1),
	(21, 5, 1),
	(21, 6, 1),
	(21, 7, 1),
	(21, 8, 1),
	(21, 9, 1),
	(21, 11, 1),
	(21, 13, 1),
	(21, 14, 1),
	(21, 15, 1),
	(21, 16, 1),
	(21, 17, 1),
	(21, 18, 1),
	(21, 19, 1),
	(21, 20, 1),
	(21, 21, 1),
	(21, 22, 1),
	(21, 23, 1),
	(21, 24, 1),
	(21, 25, 1),
	(21, 27, 1),
	(21, 29, 1),
	(21, 30, 1),
	(22, 1, 1),
	(22, 4, 1),
	(22, 7, 1),
	(22, 8, 1),
	(22, 9, 1),
	(22, 13, 1),
	(22, 14, 1),
	(22, 15, 1),
	(22, 16, 1),
	(22, 17, 1),
	(22, 18, 1),
	(22, 19, 1),
	(22, 20, 1),
	(22, 21, 1),
	(22, 22, 1),
	(22, 23, 1),
	(22, 24, 1),
	(22, 25, 1),
	(22, 27, 1),
	(22, 29, 1),
	(23, 96, 0),
	(23, 97, 0),
	(23, 114, 0),
	(24, 15, 0);

INSERT INTO phpbb_bots (bot_id, bot_active, bot_name, user_id, bot_agent, bot_ip) VALUES
	(1, 1, 'AdsBot [Google]', 3, 'AdsBot-Google', ''),
	(2, 1, 'Alexa [Bot]', 4, 'ia_archiver', ''),
	(3, 1, 'Alta Vista [Bot]', 5, 'Scooter/', ''),
	(4, 1, 'Ask Jeeves [Bot]', 6, 'Ask Jeeves', ''),
	(5, 1, 'Baidu [Spider]', 7, 'Baiduspider+(', ''),
	(6, 1, 'Exabot [Bot]', 8, 'Exabot/', ''),
	(7, 1, 'FAST Enterprise [Crawler]', 9, 'FAST Enterprise Crawler', ''),
	(8, 1, 'FAST WebCrawler [Crawler]', 10, 'FAST-WebCrawler/', ''),
	(9, 1, 'Francis [Bot]', 11, 'http://www.neomo.de/', ''),
	(10, 1, 'Gigabot [Bot]', 12, 'Gigabot/', ''),
	(11, 1, 'Google Adsense [Bot]', 13, 'Mediapartners-Google', ''),
	(12, 1, 'Google Desktop', 14, 'Google Desktop', ''),
	(13, 1, 'Google Feedfetcher', 15, 'Feedfetcher-Google', ''),
	(14, 1, 'Google [Bot]', 16, 'Googlebot', ''),
	(15, 1, 'Heise IT-Markt [Crawler]', 17, 'heise-IT-Markt-Crawler', ''),
	(16, 1, 'Heritrix [Crawler]', 18, 'heritrix/1.', ''),
	(17, 1, 'IBM Research [Bot]', 19, 'ibm.com/cs/crawler', ''),
	(18, 1, 'ICCrawler - ICjobs', 20, 'ICCrawler - ICjobs', ''),
	(19, 1, 'ichiro [Crawler]', 21, 'ichiro/', ''),
	(20, 1, 'Majestic-12 [Bot]', 22, 'MJ12bot/', ''),
	(21, 1, 'Metager [Bot]', 23, 'MetagerBot/', ''),
	(22, 1, 'MSN NewsBlogs', 24, 'msnbot-NewsBlogs/', ''),
	(23, 1, 'MSN [Bot]', 25, 'msnbot/', ''),
	(24, 1, 'MSNbot Media', 26, 'msnbot-media/', ''),
	(25, 1, 'NG-Search [Bot]', 27, 'NG-Search/', ''),
	(26, 1, 'Nutch [Bot]', 28, 'http://lucene.apache.org/nutch/', ''),
	(27, 1, 'Nutch/CVS [Bot]', 29, 'NutchCVS/', ''),
	(28, 1, 'OmniExplorer [Bot]', 30, 'OmniExplorer_Bot/', ''),
	(29, 1, 'Online link [Validator]', 31, 'online link validator', ''),
	(30, 1, 'psbot [Picsearch]', 32, 'psbot/0', ''),
	(31, 1, 'Seekport [Bot]', 33, 'Seekbot/', ''),
	(32, 1, 'Sensis [Crawler]', 34, 'Sensis Web Crawler', ''),
	(33, 1, 'SEO Crawler', 35, 'SEO search Crawler/', ''),
	(34, 1, 'Seoma [Crawler]', 36, 'Seoma [SEO Crawler]', ''),
	(35, 1, 'SEOSearch [Crawler]', 37, 'SEOsearch/', ''),
	(36, 1, 'Snappy [Bot]', 38, 'Snappy/1.1 ( http://www.urltrends.com/ )', ''),
	(37, 1, 'Steeler [Crawler]', 39, 'http://www.tkl.iis.u-tokyo.ac.jp/~crawler/', ''),
	(38, 1, 'Synoo [Bot]', 40, 'SynooBot/', ''),
	(39, 1, 'Telekom [Bot]', 41, 'crawleradmin.t-info@telekom.de', ''),
	(40, 1, 'TurnitinBot [Bot]', 42, 'TurnitinBot/', ''),
	(41, 1, 'Voyager [Bot]', 43, 'voyager/1.0', ''),
	(42, 1, 'W3 [Sitesearch]', 44, 'W3 SiteSearch Crawler', ''),
	(43, 1, 'W3C [Linkcheck]', 45, 'W3C-checklink/', ''),
	(44, 1, 'W3C [Validator]', 46, 'W3C_*Validator', ''),
	(45, 1, 'WiseNut [Bot]', 47, 'http://www.WISEnutbot.com', ''),
	(46, 1, 'YaCy [Bot]', 48, 'yacybot', ''),
	(47, 1, 'Yahoo MMCrawler [Bot]', 49, 'Yahoo-MMCrawler/', ''),
	(48, 1, 'Yahoo Slurp [Bot]', 50, 'Yahoo! DE Slurp', ''),
	(49, 1, 'Yahoo', 51, 'Yahoo! Slurp', ''),
	(50, 1, 'YahooSeeker [Bot]', 52, 'YahooSeeker/', ''),
	(51, 1, 'Bing [Bot]', 2359, 'bingbot/', '');


INSERT INTO phpbb_groups (group_id, group_type, group_founder_manage, group_skip_auth, group_name, group_desc, group_desc_bitfield, group_desc_options, group_desc_uid, group_display, group_avatar, group_avatar_type, group_avatar_width, group_avatar_height, group_rank, group_colour, group_sig_chars, group_receive_pm, group_message_limit, group_max_recipients, group_legend, group_user_upload_size, group_edit_time) VALUES
	(1, 3, 0, 0, 'Guests', '', '', 7, '', 0, '', 0, 0, 0, 0, '', 0, 0, 0, 5, 0, 0, 60),
	(2, 3, 0, 0, 'Registered members', '', '', 7, '', 0, '', 0, 0, 0, 0, '000000', 0, 0, 0, 5, 0, 52428800, 60),
	(3, 3, 0, 0, 'COPPA Registered Members', '', '', 7, '', 0, '', 0, 0, 0, 0, '', 0, 0, 0, 5, 0, 0, 60),
	(4, 3, 0, 0, 'Moderators', '', '', 7, '', 0, '', 0, 0, 0, 5, '00AA00', 0, 0, 0, 0, 1, 0, 60),
	(5, 3, 1, 0, 'Administrators', '', '', 7, '', 0, '', 0, 0, 0, 1, 'AA0000', 0, 0, 0, 0, 1, 0, 60),
	(6, 3, 0, 0, 'Bots', '', '', 7, '', 0, '', 0, 0, 0, 0, '66CCFF', 0, 0, 0, 5, 0, 0, 60),
	(7, 3, 0, 0, 'Recently registered members', '', '', 7, '', 0, '', 0, 0, 0, 0, '000000', 0, 0, 0, 5, 0, 52428800, 60);


INSERT INTO phpbb_lang (lang_id, lang_iso, lang_dir, lang_english_name, lang_local_name, lang_author) VALUES
	(1, 'en', '', 'English', ' English', 'PhpbbInDotnet'),
	(2, 'ro', '', 'Romanian', 'Română', 'PhpbbInDotnet');


INSERT INTO phpbb_ranks (rank_id, rank_title, rank_min, rank_special, rank_image) VALUES
	(1, 'Site Admin', 0, 1, ''),
	(5, 'Forum Moderator', 0, 1, ''),
	(6, 'Technical Administrator', 0, 1, '');

INSERT INTO phpbb_reports_reasons (reason_id, reason_title, reason_description, reason_order) VALUES
	(1, 'warez', 'The post contains links to illegal or pirated software.', 1),
	(2, 'spam', 'The reported post has the only purpose to advertise for a website or another product.', 2),
	(3, 'off_topic', 'The reported post is off topic.', 3),
	(4, 'other', 'The reported post does not fit into any other category, please use the further information field.', 4);


INSERT INTO phpbb_smilies (smiley_id, code, emotion, smiley_url, smiley_width, smiley_height, smiley_order, display_on_posting) VALUES
	(1, ':D', 'Very Happy', 'icon_e_biggrin.gif', 15, 17, 1, 1),
	(2, ':-D', 'Very Happy', 'icon_e_biggrin.gif', 15, 17, 3, 1),
	(3, ':grin:', 'Very Happy', 'icon_e_biggrin.gif', 15, 17, 4, 1),
	(4, ':)', 'Smile', 'icon_e_smile.gif', 15, 17, 5, 1),
	(5, ':-)', 'Smile', 'icon_e_smile.gif', 15, 17, 6, 1),
	(6, ':smile:', 'Smile', 'icon_e_smile.gif', 15, 17, 7, 1),
	(7, ';)', 'Wink', 'icon_e_wink.gif', 15, 17, 8, 1),
	(8, ';-)', 'Wink', 'icon_e_wink.gif', 15, 17, 9, 1),
	(9, ':wink:', 'Wink', 'icon_e_wink.gif', 15, 17, 10, 1),
	(10, ':(', 'Sad', 'icon_e_sad.gif', 15, 17, 11, 1),
	(11, ':-(', 'Sad', 'icon_e_sad.gif', 15, 17, 12, 1),
	(12, ':sad:', 'Sad', 'icon_e_sad.gif', 15, 17, 13, 1),
	(13, ':o', 'Surprised', 'icon_e_surprised.gif', 15, 17, 14, 1),
	(14, ':-o', 'Surprised', 'icon_e_surprised.gif', 15, 17, 15, 1),
	(15, ':eek:', 'Surprised', 'icon_e_surprised.gif', 15, 17, 16, 1),
	(16, ':shock:', 'Shocked', 'icon_eek.gif', 15, 17, 17, 1),
	(17, ':?', 'Confused', 'icon_e_confused.gif', 15, 17, 18, 1),
	(18, ':-?', 'Confused', 'icon_e_confused.gif', 15, 17, 19, 1),
	(19, ':???:', 'Confused', 'icon_e_confused.gif', 15, 17, 20, 1),
	(20, '8-)', 'Cool', 'icon_cool.gif', 15, 17, 21, 1),
	(21, ':cool:', 'Cool', 'icon_cool.gif', 15, 17, 22, 1),
	(22, ':lol:', 'Laughing', 'icon_lol.gif', 15, 17, 23, 1),
	(23, ':x', 'Mad', 'icon_mad.gif', 15, 17, 24, 1),
	(24, ':-x', 'Mad', 'icon_mad.gif', 15, 17, 25, 1),
	(25, ':mad:', 'Mad', 'icon_mad.gif', 15, 17, 26, 1),
	(26, ':P', 'Razz', 'icon_razz.gif', 15, 17, 27, 1),
	(27, ':-P', 'Razz', 'icon_razz.gif', 15, 17, 28, 1),
	(28, ':razz:', 'Razz', 'icon_razz.gif', 15, 17, 29, 1),
	(29, ':oops:', 'Embarrassed', 'icon_redface.gif', 15, 17, 30, 1),
	(30, ':cry:', 'Crying or Very Sad', 'icon_cry.gif', 15, 17, 31, 1),
	(31, ':evil:', 'Evil or Very Mad', 'icon_evil.gif', 15, 17, 32, 1),
	(32, ':twisted:', 'Twisted Evil', 'icon_twisted.gif', 15, 17, 33, 1),
	(33, ':roll:', 'Rolling Eyes', 'icon_rolleyes.gif', 15, 17, 34, 1),
	(34, ':!:', 'Exclamation', 'icon_exclaim.gif', 15, 17, 35, 1),
	(35, ':?:', 'Question', 'icon_question.gif', 15, 17, 36, 1),
	(36, ':idea:', 'Idea', 'icon_idea.gif', 15, 17, 55, 0),
	(37, ':arrow:', 'Arrow', 'icon_arrow.gif', 15, 17, 37, 1),
	(38, ':|', 'Neutral', 'icon_neutral.gif', 15, 17, 38, 1),
	(39, ':-|', 'Neutral', 'icon_neutral.gif', 15, 17, 39, 1),
	(40, ':mrgreen:', 'Mr. Green', 'icon_mrgreen.gif', 15, 17, 40, 1),
	(41, ':geek:', 'Geek', 'icon_e_geek.gif', 17, 17, 54, 0),
	(42, ':ugeek:', 'Uber Geek', 'icon_e_ugeek.gif', 17, 18, 53, 0);

INSERT INTO phpbb_styles (style_id, style_name, style_copyright, style_active, template_id, theme_id, imageset_id) VALUES
	(7, 'Light', '', 1, 0, 0, 0),
	(8, 'Dark', '', 1, 0, 0, 0);
	
INSERT INTO phpbb_users (user_id, user_type, group_id, user_permissions, user_perm_from, user_ip, user_regdate, username, username_clean, user_password, user_passchg, user_pass_convert, user_email, user_email_hash, user_birthday, user_lastvisit, user_lastmark, user_lastpost_time, user_lastpage, user_last_confirm_key, user_last_search, user_warnings, user_last_warning, user_login_attempts, user_inactive_reason, user_inactive_time, user_posts, user_lang, user_timezone, user_dst, user_dateformat, user_style, user_rank, user_colour, user_new_privmsg, user_unread_privmsg, user_last_privmsg, user_message_rules, user_full_folder, user_emailtime, user_topic_show_days, user_topic_sortby_type, user_topic_sortby_dir, user_post_show_days, user_post_sortby_type, user_post_sortby_dir, user_notify, user_notify_pm, user_notify_type, user_allow_pm, user_allow_viewonline, user_allow_viewemail, user_allow_massemail, user_options, user_avatar, user_avatar_type, user_avatar_width, user_avatar_height, user_sig, user_sig_bbcode_uid, user_sig_bbcode_bitfield, user_from, user_icq, user_aim, user_yim, user_msnm, user_jabber, user_website, user_occ, user_interests, user_actkey, user_newpasswd, user_form_salt, user_new, user_reminded, user_reminded_time, user_edit_time, jump_to_unread) VALUES
	('1', '2', '1', '', '0', '', '1261759042', 'Anonymous', 'anonymous', '', '0', '0', '', '-9223372036854775808', '', '1631042027', '0', '0', '', '13FZRQSR3C', '1565028274', '0', '0', '0', '0', '0', '14214', 'ro', '0.00', '0', 'ddd, dd.MM.yyyy, HH:mm', '6', '0', '', '0', '0', '0', '0', '-3', '0', '0', 't', 'd', '0', 't', 'a', '0', '1', '0', '1', '1', '1', '0', '230271', '', '0', '0', '0', '', '', '', '', '', '', '', '', '', '', '', '', '', '', 'c2a1b1c018f7f1f0', '1', '0', '0', '60', '1') 
